Job ID,Job URL,Job Title,Company Name,Status,Timestamp,WP ID
6618a5e69e062218,https://nu.linkedin.com/jobs/view/general-manager-at-scenic-hotel-group-4454481409,General Manager,Scenic Hotel Group,posted,2026-08-24T13:44:20.902897,33
af1b240fc4dcb33d,https://nu.linkedin.com/jobs/view/forestry-climate-change-biodiversity-at-ntu-international-a-s-4466094541,"Forestry, Climate Change & Biodiversity",,scraped,2026-09-14T18:17:32.841613,
23cba4f9a043ed40,https://nu.linkedin.com/jobs/view/trade-business-climate-at-ntu-international-a-s-4467058862,Trade & Business Climate,,scraped,2026-09-14T18:17:40.377723,
1c4cf8b310086f91,https://nu.linkedin.com/jobs/view/renewable-energy-expert-at-ntu-international-a-s-4466337056,Renewable Energy Expert,,scraped,2026-09-14T18:17:47.532444,
ac182a5e46e59bd4,https://nu.linkedin.com/jobs/view/digitalization-expert-at-ntu-international-a-s-4467001320,Digitalization Expert,,scraped,2026-09-14T18:17:54.702730,
c98af18202ad838e,https://nu.linkedin.com/jobs/view/transport-expert-at-ntu-international-a-s-4466780417,Transport Expert,,scraped,2026-09-14T18:18:01.843595,
154e143055fc364f,https://nu.linkedin.com/jobs/view/gender-human-rights-civil-society-at-ntu-international-a-s-4467000217,"Gender, Human Rights & Civil Society",,scraped,2026-09-14T18:18:08.939307,
2049c1ce6d24e75c,https://nu.linkedin.com/jobs/view/water-sanitation-hygiene-wash-expert-at-ntu-international-a-s-4466795549,"Water, Sanitation & Hygiene (WASH) Expert",,scraped,2026-09-14T18:18:16.146170,
a6ad0b32458b7f23,https://nu.linkedin.com/jobs/view/public-finance-management-expert-at-ntu-international-a-s-4467039670,Public Finance Management Expert,,scraped,2026-09-14T18:18:23.323856,
75bfed09141e8fac,https://nu.linkedin.com/jobs/view/rule-of-law-expert-at-ntu-international-a-s-4467075776,Rule of Law Expert,,scraped,2026-09-14T18:18:30.521494,
